{"cameraMode":{"drawMode":0,"name":"Shaded","section":"Shading Mode"},"sceneLighting":true,"audioPlay":false,"sceneViewState":{"showFog":true,"showMaterialUpdate":false,"showSkybox":true,"showFlares":true,"showImageEffects":true,"showParticleSystems":true},"in2DMode":false,"pivot":{"x":5.23041296005249,"y":-36.46484375,"z":167.5032958984375},"rotation":{"x":0.028806455433368684,"y":-0.00000417422143073054,"z":-5.244503142876056e-8,"w":0.9995850920677185},"size":173.7353973388672,"orthographic":false}