{"cameraMode":{"drawMode":0,"name":"Shaded","section":"Shading Mode"},"sceneLighting":true,"audioPlay":false,"sceneViewState":{"showFog":true,"showMaterialUpdate":false,"showSkybox":true,"showFlares":true,"showImageEffects":true,"showParticleSystems":true},"in2DMode":false,"pivot":{"x":-209.70248413085938,"y":-1621.098388671875,"z":-5564.4306640625},"rotation":{"x":-0.0019599890802055599,"y":0.9858018159866333,"z":-0.16750504076480866,"w":-0.011534071527421475},"size":6624.19970703125,"orthographic":false}