{"cameraMode":{"drawMode":0,"name":"Shaded","section":"Shading Mode"},"sceneLighting":true,"audioPlay":false,"sceneViewState":{"showFog":true,"showMaterialUpdate":false,"showSkybox":true,"showFlares":true,"showImageEffects":true,"showParticleSystems":true},"in2DMode":false,"pivot":{"x":-0.1495354026556015,"y":-0.3688209056854248,"z":2.004190683364868},"rotation":{"x":-0.12597332894802094,"y":-0.003870908636599779,"z":0.0004915347089990974,"w":-0.9920260310173035},"size":4.554106712341309,"orthographic":false}