{"cameraMode":{"drawMode":0,"name":"Shaded","section":"Shading Mode"},"sceneLighting":true,"audioPlay":false,"sceneViewState":{"showFog":true,"showMaterialUpdate":false,"showSkybox":true,"showFlares":true,"showImageEffects":true,"showParticleSystems":true},"in2DMode":false,"pivot":{"x":-0.2335074245929718,"y":-0.594551146030426,"z":1.9465802907943726},"rotation":{"x":-0.12597332894802094,"y":-0.003870908636599779,"z":0.0004915347089990974,"w":-0.9920260310173035},"size":2.7541067600250246,"orthographic":false}